campus_id,district_id,nces_school_id,school_name,district_name,district_type,instruction_type,charter_type,school_level,operator_type,grade_range,enrollment,school_status,school_site_city,school_site_address,school_site_zip,magnet_status,enrollment_source_year,accountability_rating_2025,accountability_status_2025,accountability_score_2025,acct_grade_type_2025,acct_grade_span_2025,acct_grade_low_2025,acct_grade_high_2025,acct_alt_ed_flag_2025,acct_daep_flag_2025,acct_jj_flag_2025,acct_alted_flag_2025,acct_residential_flag_2025,tapr_membership_all_count_2025,tapr_membership_sped_count_2025,tapr_membership_sped_pct_2025,tapr_enrollment_all_count_2025,tapr_enrollment_sped_count_2025,tapr_enrollment_sped_pct_2025,tapr_att_all_rate_2024,tapr_att_sped_rate_2024,tapr_chronic_abs_all_rate_2024,tapr_chronic_abs_sped_rate_2024,tapr_avg_teacher_exp_years_2025,tapr_avg_teacher_tenure_years_2025,tapr_beginning_teacher_fte_pct_2025,tapr_teacher_1to5yr_pct_2025,tapr_teacher_6to10yr_pct_2025,tapr_teacher_11to20yr_pct_2025,tapr_teacher_21to30yr_pct_2025,tapr_teacher_over30yr_pct_2025,crdc_tot_enr_total_2122,crdc_idea_enr_total_2122,crdc_504_enr_total_2122,crdc_idea_iss_students_total_2122,crdc_oos_instances_no_dis_2122,crdc_oos_instances_idea_2122,crdc_oos_instances_504_2122,crdc_idea_sing_oos_total_2122,crdc_idea_mult_oos_total_2122,crdc_idea_exp_with_svc_total_2122,crdc_idea_exp_no_svc_total_2122,crdc_idea_exp_zerotol_total_2122,crdc_rs_mech_instances_idea_2122,crdc_rs_phys_instances_idea_2122,crdc_rs_secl_instances_idea_2122,crdc_hb_dis_allegations_2122,crdc_hb_dis_reported_total_2122,crdc_hb_dis_disciplined_total_2122,crdc_idea_ref_law_total_2122,crdc_idea_arr_total_2122,crdc_offense_assault_with_wpn_2122,crdc_offense_assault_no_wpn_2122,crdc_offense_wpn_possession_2122,crdc_offense_robbery_with_wpn_2122,crdc_offense_robbery_no_wpn_2122,crdc_offense_threat_with_wpn_2122,crdc_offense_threat_no_wpn_2122,crdc_offense_firearm_ind_2122,crdc_offense_homicide_ind_2122,latitude,longitude
057802001,057802,480002907561,PEGASUS CHARTER H S,PEGASUS SCHOOL OF LIBERAL ARTS AND SCIENCES,CHARTER,ALTERNATIVE INSTRUCTIONAL,OPEN ENROLLMENT CHARTER,mixed,charter,KG-12,277.0,Active,DALLAS,1222 COMMERCE ST STE 100,75202,N,2025,D,Rated,60,B,KG - 12,KG,12,N,N,N,N,N,348.0,62.0,17.8,348.0,62.0,17.8,92.7,92.9,32.2,29.1,0.0,0.0,100.0,0.0,0.0,0.0,0.0,0.0,470.0,56.0,24.0,0.0,5.0,2.0,2.0,2.0,0.0,0.0,0.0,0.0,0.0,0.0,0.0,0.0,0.0,0.0,0.0,0.0,0.0,0.0,0.0,0.0,0.0,0.0,0.0,No,No,32.779369503000055,-96.80132051299996
057803004,057803,480003012012,UPLIFT WILLIAMS PREP H S,UPLIFT EDUCATION,CHARTER,REGULAR INSTRUCTIONAL,OPEN ENROLLMENT CHARTER,high,charter,09-12,528.0,Active,DALLAS,1750 VICEROY DR,75235,N,2025,B,Rated,83,S,09 - 12,09,12,N,N,N,N,N,517.0,65.0,12.6,517.0,65.0,12.6,91.2,92.3,32.5,23.4,5.9,3.3,21.1,32.8,31.1,14.9,0.0,0.0,582.0,48.0,15.0,0.0,30.0,2.0,3.0,2.0,0.0,0.0,0.0,0.0,0.0,0.0,0.0,0.0,0.0,0.0,0.0,0.0,0.0,0.0,0.0,0.0,0.0,0.0,0.0,No,No,32.835834000000034,-96.86727899999994
057803005,057803,480003013197,UPLIFT LUNA PREP H S,UPLIFT EDUCATION,CHARTER,REGULAR INSTRUCTIONAL,OPEN ENROLLMENT CHARTER,high,charter,09-12,501.0,Active,DALLAS,9743 E RL THORNTON FWY,75228,N,2025,B,Rated,82,S,09 - 12,09,12,N,N,N,N,N,472.0,68.0,14.4,472.0,68.0,14.4,90.1,88.6,33.9,33.3,3.9,1.2,41.1,38.0,9.4,8.6,0.0,3.0,551.0,53.0,33.0,1.0,49.0,9.0,6.0,5.0,2.0,0.0,0.0,0.0,0.0,0.0,0.0,0.0,0.0,0.0,0.0,0.0,0.0,0.0,0.0,0.0,0.0,0.0,0.0,No,No,32.800906904000044,-96.67725987699998
057803015,057803,480003013474,WISDOM PREP MIDDLE,UPLIFT EDUCATION,CHARTER,REGULAR INSTRUCTIONAL,OPEN ENROLLMENT CHARTER,middle,charter,06-08,517.0,Active,DALLAS,301 W CAMP WISDOM RD,75232,N,2025,D,Rated,61,M,06 - 08,06,8,N,N,N,N,N,493.0,65.0,13.2,493.0,65.0,13.2,93.0,91.4,21.2,29.8,7.8,2.0,18.5,34.1,15.8,17.4,14.2,0.0,396.0,30.0,18.0,0.0,95.0,11.0,17.0,6.0,2.0,0.0,0.0,0.0,0.0,0.0,0.0,0.0,0.0,0.0,0.0,0.0,0.0,0.0,0.0,0.0,0.0,0.0,0.0,No,No,32.66418600000003,-96.82503299999996
057803019,057803,480003014097,UPLIFT WISDOM PREP H S,UPLIFT EDUCATION,CHARTER,REGULAR INSTRUCTIONAL,OPEN ENROLLMENT CHARTER,high,charter,09-12,317.0,Active,DALLAS,301 W CAMP WISDOM RD,75232,N,2025,B,Rated,83,S,09 - 12,09,12,N,N,N,N,N,351.0,48.0,13.7,351.0,48.0,13.7,91.6,90.6,30.2,34.5,2.8,0.9,34.8,44.7,16.8,3.7,0.0,0.0,291.0,35.0,16.0,0.0,47.0,8.0,5.0,3.0,2.0,0.0,0.0,0.0,0.0,0.0,0.0,0.0,0.0,0.0,0.0,0.0,0.0,0.0,0.0,0.0,0.0,0.0,0.0,No,No,32.66418600000003,-96.82503299999996
057803104,057803,480003012647,UPLIFT HEIGHTS PREP PS,UPLIFT EDUCATION,CHARTER,REGULAR INSTRUCTIONAL,OPEN ENROLLMENT CHARTER,elementary,charter,PK-05,887.0,Active,DALLAS,2202 CALYPSO ST,75212,N,2025,D,Rated,69,E,PK - 05,PK,5,N,N,N,N,N,944.0,94.0,10.0,944.0,94.0,10.0,91.4,90.7,30.2,30.2,5.1,1.7,31.3,38.6,13.1,12.7,4.2,0.0,877.0,43.0,17.0,1.0,12.0,2.0,1.0,0.0,1.0,0.0,0.0,0.0,0.0,0.0,0.0,0.0,0.0,0.0,0.0,0.0,0.0,0.0,0.0,0.0,0.0,0.0,0.0,No,No,32.79084300000005,-96.85743299999996
057803111,057803,480003012185,UPLIFT HAMPTON PREP PS,UPLIFT EDUCATION,CHARTER,REGULAR INSTRUCTIONAL,OPEN ENROLLMENT CHARTER,elementary,charter,PK-05,729.0,Active,DALLAS,8915 S HAMPTON RD,75237,N,2025,D,Rated,69,E,PK - 05,PK,5,N,N,N,N,N,712.0,49.0,6.9,712.0,49.0,6.9,94.5,94.9,16.3,13.8,6.7,2.7,29.4,18.7,32.5,16.7,2.7,0.0,570.0,29.0,5.0,0.0,8.0,3.0,0.0,1.0,1.0,0.0,0.0,0.0,0.0,0.0,0.0,0.0,0.0,0.0,0.0,0.0,0.0,0.0,0.0,0.0,0.0,0.0,0.0,No,No,32.63958900000006,-96.85830149999998
057807001,057807,480005507849,LIFE SCHOOL OAK CLIFF,LIFE SCHOOL,CHARTER,REGULAR INSTRUCTIONAL,OPEN ENROLLMENT CHARTER,mixed,charter,KG-12,1456.0,Active,DALLAS,4400 S R L THORNTON FRWY,75224,N,2025,B,Rated,85,B,KG - 12,KG,12,N,N,N,N,N,1483.0,249.0,16.8,1483.0,249.0,16.8,94.0,93.4,18.9,21.2,9.9,4.0,4.9,32.1,25.2,25.3,9.7,2.9,1487.0,199.0,60.0,93.0,179.0,57.0,9.0,33.0,13.0,0.0,3.0,0.0,0.0,9.0,0.0,0.0,0.0,0.0,0.0,0.0,0.0,0.0,0.0,0.0,0.0,0.0,0.0,No,No,32.69124146500008,-96.82260169799996
057831001,057831,480018408507,GATEWAY CHARTER ACADEMY,GATEWAY CHARTER ACADEMY,CHARTER,REGULAR INSTRUCTIONAL,OPEN ENROLLMENT CHARTER,elementary,charter,EE-05,248.0,Active,DALLAS,6103 UNIVERSITY HILLS BLVD,75241,N,2025,F,Rated,54,E,PK - 05,PK,5,N,N,N,N,N,315.0,12.0,3.8,315.0,12.0,3.8,94.1,,18.8,40.0,4.1,1.6,14.3,58.1,18.3,9.3,0.0,0.0,290.0,11.0,5.0,0.0,0.0,0.0,0.0,0.0,0.0,0.0,0.0,0.0,,,,0.0,0.0,0.0,0.0,0.0,0.0,0.0,0.0,0.0,0.0,0.0,0.0,No,No,32.67375300000003,-96.80761349999996
057905005,057905,481623007565,MOISES E MOLINA H S,DALLAS ISD,INDEPENDENT,REGULAR INSTRUCTIONAL,,high,isd,09-12,1736.0,Active,DALLAS,2355 DUNCANVILLE RD,75211-6532,N,2025,B,Rated,82,S,09 - 12,09,12,N,N,N,N,N,2005.0,225.0,11.2,2006.0,225.0,11.2,84.5,84.1,47.6,47.3,9.4,7.5,4.9,37.1,27.0,17.0,9.9,4.0,2131.0,213.0,127.0,9.0,50.0,9.0,8.0,0.0,7.0,1.0,0.0,1.0,0.0,0.0,0.0,0.0,0.0,0.0,1.0,1.0,0.0,0.0,1.0,0.0,0.0,0.0,0.0,No,No,32.722695000000044,-96.91036199999996
057905007,057905,481623001289,THOMAS JEFFERSON H S,DALLAS ISD,INDEPENDENT,REGULAR INSTRUCTIONAL,,high,isd,09-12,1495.0,Active,DALLAS,4001 WALNUT HILL LN,75229-6239,N,2025,B,Rated,84,S,09 - 12,09,12,N,N,N,N,N,1516.0,163.0,10.8,1516.0,163.0,10.8,90.0,92.0,36.0,26.6,9.3,6.6,4.1,36.8,28.1,17.7,8.5,4.8,1461.0,125.0,51.0,3.0,44.0,2.0,2.0,0.0,2.0,0.0,0.0,0.0,0.0,0.0,0.0,0.0,0.0,0.0,0.0,0.0,0.0,0.0,0.0,0.0,0.0,0.0,0.0,No,No,32.881905000000074,-96.84494999999998
057905016,057905,481623001358,SOUTH OAK CLIFF H S,DALLAS ISD,INDEPENDENT,REGULAR INSTRUCTIONAL,,high,isd,09-12,1535.0,Active,DALLAS,3601 S MARSALIS AVE,75216-5905,N,2025,B,Rated,89,S,09 - 12,09,12,N,N,N,N,N,1559.0,195.0,12.5,1560.0,196.0,12.6,88.4,90.9,44.9,38.9,9.6,7.5,2.3,35.1,29.4,23.9,6.5,2.8,1414.0,184.0,80.0,25.0,98.0,13.0,11.0,0.0,12.0,0.0,0.0,0.0,0.0,0.0,0.0,0.0,0.0,0.0,2.0,1.0,0.0,0.0,4.0,0.0,0.0,0.0,0.0,No,No,32.699565000000064,-96.81623549999996
057905036,057905,481623001273,SCHOOL OF HEALTH PROFESSIONS,DALLAS ISD,INDEPENDENT,REGULAR INSTRUCTIONAL,,high,isd,09-12,502.0,Active,DALLAS,1201 E EIGHTH ST,75203-2545,Y,2025,A,Rated,98,S,09 - 12,09,12,N,N,N,N,N,497.0,3.0,0.6,497.0,3.0,0.6,96.0,,7.3,20.0,12.8,10.4,0.0,24.0,28.0,28.0,16.0,4.0,488.0,5.0,20.0,0.0,3.0,0.0,0.0,0.0,0.0,0.0,0.0,0.0,0.0,0.0,0.0,0.0,0.0,0.0,0.0,0.0,0.0,0.0,0.0,0.0,0.0,0.0,0.0,No,No,32.75284500000004,-96.80706899999996
057905046,057905,481623001257,YOUNG MEN'S LEADERSHIP ACADEMY AT FRED F FLORENCE,DALLAS ISD,INDEPENDENT,REGULAR INSTRUCTIONAL,,middle,isd,06-08,379.0,Active,DALLAS,1625 N MASTERS DR,75217-3228,N,2025,D,Rated,69,M,06 - 08,06,8,N,N,N,N,N,467.0,104.0,22.3,467.0,104.0,22.3,93.8,93.1,22.6,25.8,12.0,10.1,6.7,13.3,20.0,50.0,10.0,0.0,654.0,103.0,51.0,6.0,23.0,3.0,3.0,0.0,2.0,0.0,0.0,0.0,0.0,0.0,0.0,0.0,0.0,0.0,0.0,0.0,0.0,0.0,0.0,0.0,0.0,0.0,0.0,No,No,32.74149600000004,-96.65014949999994
057905050,057905,481623001276,ROBERT T HILL MIDDLE,DALLAS ISD,INDEPENDENT,REGULAR INSTRUCTIONAL,,middle,isd,07-08,492.0,Active,DALLAS,505 EASTON RD,75218-1105,N,2025,B,Rated,87,M,06 - 08,06,8,N,N,N,N,N,762.0,130.0,17.1,762.0,130.0,17.1,95.1,94.0,12.7,15.3,7.7,6.2,5.8,46.5,18.0,22.1,7.5,0.0,823.0,95.0,63.0,9.0,45.0,9.0,8.0,0.0,9.0,0.0,0.0,0.0,0.0,0.0,0.0,0.0,0.0,7.0,4.0,4.0,0.0,0.0,0.0,0.0,0.0,0.0,0.0,No,No,32.855436000000054,-96.70413149999996
057905055,057905,481623001347,THOMAS J RUSK MIDDLE,DALLAS ISD,INDEPENDENT,REGULAR INSTRUCTIONAL,,middle,isd,06-08,346.0,Active,DALLAS,2929 INWOOD RD,75235-7517,N,2025,C,Rated,78,M,06 - 08,06,8,N,N,N,N,N,373.0,61.0,16.4,373.0,61.0,16.4,94.5,95.6,19.1,11.8,8.6,7.7,4.0,32.0,36.0,24.0,0.0,4.0,517.0,76.0,46.0,6.0,6.0,4.0,2.0,0.0,3.0,0.0,0.0,0.0,0.0,0.0,0.0,0.0,0.0,0.0,0.0,0.0,0.0,0.0,1.0,0.0,0.0,0.0,0.0,No,No,32.82555600000006,-96.83342999999996
057905068,057905,481623007566,RAUL QUINTANILLA SR MIDDLE STEAM ACADEMY,DALLAS ISD,INDEPENDENT,REGULAR INSTRUCTIONAL,,middle,isd,06-08,486.0,Active,DALLAS,2700 REMOND DR,75211-1631,N,2025,C,Rated,77,M,07 - 08,07,8,N,N,N,N,N,556.0,84.0,15.1,556.0,84.0,15.1,92.6,92.4,25.1,28.0,8.2,6.4,0.0,60.0,17.1,14.3,5.7,2.9,623.0,103.0,48.0,1.0,31.0,3.0,3.0,0.0,3.0,0.0,0.0,0.0,0.0,0.0,0.0,0.0,0.0,0.0,0.0,0.0,0.0,0.0,0.0,0.0,0.0,0.0,0.0,No,No,32.76401070400004,-96.86625711
057905076,057905,481623010562,HAROLD WENDELL LANG SR MIDDLE,DALLAS ISD,INDEPENDENT,REGULAR INSTRUCTIONAL,,middle,isd,06-08,646.0,Active,DALLAS,1678 CHENAULT,75228,N,2025,C,Rated,79,M,06 - 08,06,8,N,N,N,N,N,740.0,118.0,15.9,740.0,118.0,15.9,91.9,92.7,29.7,24.3,10.7,8.8,6.1,28.6,18.4,30.6,14.3,2.0,886.0,111.0,40.0,15.0,60.0,8.0,6.0,0.0,8.0,0.0,0.0,0.0,0.0,0.0,0.0,0.0,0.0,0.0,0.0,0.0,0.0,0.0,0.0,0.0,0.0,0.0,0.0,No,No,32.80187700000005,-96.68639249999995
057905077,057905,481623010563,HECTOR P GARCIA MIDDLE,DALLAS ISD,INDEPENDENT,REGULAR INSTRUCTIONAL,,middle,isd,06-08,664.0,Active,DALLAS,700 E 8TH ST,75203-2378,N,2025,A,Rated,91,M,06 - 08,06,8,N,N,N,N,N,621.0,98.0,15.8,621.0,98.0,15.8,94.8,94.1,13.3,17.6,7.2,6.4,13.4,41.2,29.4,8.0,5.3,2.7,619.0,104.0,33.0,5.0,3.0,1.0,0.0,0.0,1.0,0.0,0.0,0.0,0.0,0.0,0.0,0.0,0.0,0.0,0.0,0.0,0.0,0.0,0.0,0.0,0.0,0.0,0.0,No,No,32.74985700000008,-96.81388649999997
057905085,057905,481623012028,KATHLYN JOY GILLIAM COLLEGIATE ACADEMY,DALLAS ISD,INDEPENDENT,REGULAR INSTRUCTIONAL,,high,isd,09-12,346.0,Active,DALLAS,1700 E CAMP WISDOM,75241,N,2025,A,Rated,97,S,09 - 12,09,12,N,N,N,N,N,342.0,11.0,3.2,342.0,11.0,3.2,96.8,98.2,5.6,0.0,11.1,10.1,0.0,31.7,26.0,26.4,10.6,5.3,354.0,5.0,16.0,0.0,1.0,0.0,0.0,0.0,0.0,0.0,0.0,0.0,0.0,0.0,0.0,0.0,0.0,0.0,0.0,0.0,0.0,0.0,0.0,0.0,0.0,0.0,0.0,No,No,32.66262000000006,-96.79438349999998
057905107,057905,481623012062,JOSE 'JOE' MAY EL,DALLAS ISD,INDEPENDENT,REGULAR INSTRUCTIONAL,,elementary,isd,EE-06,707.0,Active,DALLAS,9818 BROCKBANK DR,75220,N,2025,D,Rated,66,E,PK - 06,PK,6,N,N,N,N,N,746.0,75.0,10.1,746.0,75.0,10.1,94.3,93.9,17.2,15.6,8.1,5.9,4.3,45.7,21.7,19.6,8.7,0.0,745.0,71.0,28.0,0.0,0.0,0.0,0.0,0.0,0.0,0.0,0.0,0.0,0.0,0.0,0.0,0.0,0.0,0.0,0.0,0.0,0.0,0.0,0.0,0.0,0.0,0.0,0.0,No,No,32.872176000000024,-96.87452399999997
057905110,057905,481623001214,ANNIE WEBB BLANTON EL,DALLAS ISD,INDEPENDENT,REGULAR INSTRUCTIONAL,,elementary,isd,EE-06,715.0,Active,DALLAS,8915 GREENMOUND AVE,75227-8399,N,2025,B,Rated,88,E,EE - 05,EE,5,N,N,N,N,N,685.0,92.0,13.4,685.0,92.0,13.4,96.1,96.9,7.6,0.0,8.2,6.1,0.0,37.5,31.2,29.2,0.0,2.1,601.0,45.0,28.0,0.0,0.0,0.0,0.0,0.0,0.0,0.0,0.0,0.0,0.0,0.0,0.0,0.0,0.0,0.0,0.0,0.0,0.0,0.0,0.0,0.0,0.0,0.0,0.0,No,No,32.751495000000034,-96.66887399999996
057905115,057905,481623001221,HARRELL BUDD EL,DALLAS ISD,INDEPENDENT,REGULAR INSTRUCTIONAL,,elementary,isd,PK-06,382.0,Active,DALLAS,2121 S MARSALIS AVE,75216-2311,N,2025,D,Rated,68,E,PK - 06,PK,6,N,N,N,N,N,457.0,25.0,5.5,457.0,25.0,5.5,92.7,92.5,21.6,29.4,14.2,11.3,3.4,27.1,13.6,27.1,20.3,8.5,437.0,18.0,15.0,0.0,0.0,0.0,0.0,0.0,0.0,0.0,0.0,0.0,0.0,0.0,0.0,0.0,0.0,0.0,0.0,0.0,0.0,0.0,0.0,0.0,0.0,0.0,0.0,No,No,32.72206500000004,-96.81514199999998
057905116,057905,481623001223,DAVID G BURNET EL,DALLAS ISD,INDEPENDENT,REGULAR INSTRUCTIONAL,,elementary,isd,PK-06,613.0,Active,DALLAS,3200 KINKAID DR,75220-1623,N,2025,B,Rated,87,E,PK - 06,PK,6,N,N,N,N,N,631.0,82.0,13.0,631.0,82.0,13.0,96.4,96.3,7.2,6.3,15.8,13.9,0.0,11.6,14.0,48.8,18.6,7.0,615.0,63.0,15.0,0.0,0.0,0.0,0.0,0.0,0.0,0.0,0.0,0.0,0.0,0.0,0.0,0.0,0.0,0.0,0.0,0.0,0.0,0.0,0.0,0.0,0.0,0.0,0.0,No,No,32.87646900000004,-96.86885399999994
057905118,057905,481623001224,ALBERT C BLACK JR STEAM ACADEMY,DALLAS ISD,INDEPENDENT,REGULAR INSTRUCTIONAL,,elementary,isd,PK-05,832.0,Active,DALLAS,4200 BONNIE VIEW RD,75216-6608,N,2025,A,Rated,90,E,PK - 05,PK,5,N,N,N,N,N,828.0,71.0,8.6,828.0,71.0,8.6,,,,,12.2,10.6,6.1,28.2,18.2,26.2,17.3,4.0,299.0,16.0,28.0,0.0,0.0,0.0,0.0,0.0,0.0,0.0,0.0,0.0,0.0,0.0,0.0,0.0,0.0,0.0,0.0,0.0,0.0,0.0,0.0,0.0,0.0,0.0,0.0,No,No,32.708259000000055,-96.77387699999996
057905119,057905,481623001385,CHAPEL HILL PREPARATORY-A PERSONALIZED LRNING SCH,DALLAS ISD,INDEPENDENT,REGULAR INSTRUCTIONAL,,elementary,isd,PK-06,380.0,Active,DALLAS,12701 TEMPLETON TRL,75234-6563,N,2025,B,Rated,80,E,PK - 06,PK,6,N,N,N,N,N,404.0,68.0,16.8,404.0,68.0,16.8,95.2,95.0,11.7,10.7,10.0,7.1,6.9,48.4,10.3,17.2,13.8,3.4,399.0,61.0,19.0,0.0,0.0,0.0,0.0,0.0,0.0,0.0,0.0,0.0,0.0,0.0,0.0,0.0,0.0,0.0,0.0,0.0,0.0,0.0,0.0,0.0,0.0,0.0,0.0,No,No,32.918652000000066,-96.86569049999996
057905129,057905,481623001240,S S CONNER EL,DALLAS ISD,INDEPENDENT,REGULAR INSTRUCTIONAL,,elementary,isd,EE-05,489.0,Active,DALLAS,3037 GREENMEADOW DR,75228-5124,N,2025,C,Rated,79,E,PK - 05,PK,5,N,N,N,N,N,557.0,36.0,6.5,557.0,36.0,6.5,92.7,91.1,28.1,36.2,11.7,10.3,0.0,32.4,28.2,25.4,11.3,2.8,585.0,44.0,15.0,0.0,1.0,0.0,0.0,0.0,0.0,0.0,0.0,0.0,0.0,0.0,0.0,0.0,0.0,0.0,0.0,0.0,0.0,0.0,0.0,0.0,0.0,0.0,0.0,No,No,32.80799700000006,-96.69476249999995
057905136,057905,481623001249,L O DONALD EL,DALLAS ISD,INDEPENDENT,REGULAR INSTRUCTIONAL,,elementary,isd,PK-05,289.0,Active,DALLAS,1218 PHINNEY AVE,75211-6235,N,2025,B,Rated,89,E,PK - 05,PK,5,N,N,N,N,N,324.0,53.0,16.4,324.0,53.0,16.4,95.1,95.2,10.8,10.7,10.3,8.3,11.7,29.7,17.5,23.4,15.6,2.0,322.0,35.0,15.0,0.0,0.0,1.0,0.0,0.0,1.0,0.0,0.0,0.0,0.0,0.0,0.0,0.0,0.0,0.0,0.0,0.0,0.0,0.0,0.0,0.0,0.0,0.0,0.0,No,No,32.73250500000006,-96.88645349999996
057905137,057905,481623001250,JULIUS DORSEY LEADERSHIP ACADEMY,DALLAS ISD,INDEPENDENT,REGULAR INSTRUCTIONAL,,elementary,isd,PK-05,450.0,Active,DALLAS,133 N ST AUGUSTINE DR,75217-7214,N,2025,A,Rated,90,E,PK - 05,PK,5,N,N,N,N,N,458.0,36.0,7.9,458.0,36.0,7.9,95.4,94.3,13.1,17.8,10.8,9.4,6.8,17.0,37.3,27.1,10.2,1.7,387.0,20.0,6.0,0.0,0.0,0.0,0.0,0.0,0.0,0.0,0.0,0.0,0.0,0.0,0.0,0.0,0.0,0.0,0.0,0.0,0.0,0.0,0.0,0.0,0.0,0.0,0.0,No,No,32.71312800000004,-96.657831
057905139,057905,481623001325,PAUL L DUNBAR LEARNING CENTER,DALLAS ISD,INDEPENDENT,REGULAR INSTRUCTIONAL,,elementary,isd,PK-05,596.0,Active,DALLAS,4200 METROPOLITAN AVE,75210-1123,N,2025,B,Rated,81,E,EE - 05,EE,5,N,N,N,N,N,608.0,47.0,7.7,608.0,47.0,7.7,93.2,94.5,23.3,14.3,11.0,9.3,2.6,36.8,23.7,21.1,7.9,7.9,487.0,50.0,8.0,0.0,1.0,0.0,0.0,0.0,0.0,0.0,0.0,0.0,0.0,0.0,0.0,0.0,0.0,0.0,0.0,0.0,0.0,0.0,0.0,0.0,0.0,0.0,0.0,No,No,32.77495800000003,-96.74918549999995
057905169,057905,481623006681,ARTHUR KRAMER EL,DALLAS ISD,INDEPENDENT,REGULAR INSTRUCTIONAL,,elementary,isd,EE-05,418.0,Active,DALLAS,7131 MIDBURY DR,75230-3168,N,2025,B,Rated,89,E,EE - 05,EE,5,N,N,N,N,N,399.0,79.0,19.8,399.0,79.0,19.8,95.8,95.4,8.6,12.8,12.3,9.5,0.0,25.9,30.7,29.1,7.9,6.5,456.0,34.0,31.0,0.0,0.0,0.0,0.0,0.0,0.0,0.0,0.0,0.0,0.0,0.0,0.0,0.0,0.0,0.0,0.0,0.0,0.0,0.0,0.0,0.0,0.0,0.0,0.0,No,No,32.90184000000005,-96.7833495
057905174,057905,481623001302,GENEVA HEIGHTS EL,DALLAS ISD,INDEPENDENT,REGULAR INSTRUCTIONAL,,elementary,isd,EE-05,462.0,Active,DALLAS,5895 GOODWIN AVE,75206,N,2025,B,Rated,83,E,EE - 05,EE,5,N,N,N,N,N,380.0,52.0,13.7,380.0,52.0,13.7,96.2,96.0,7.4,10.0,9.6,7.2,9.7,32.3,12.9,35.5,6.5,3.2,490.0,36.0,25.0,0.0,0.0,0.0,0.0,0.0,0.0,0.0,0.0,0.0,0.0,0.0,0.0,0.0,0.0,1.0,0.0,0.0,0.0,0.0,0.0,0.0,0.0,0.0,0.0,No,No,32.82388620800003,-96.76594620999998
057905175,057905,481623001303,UMPHREY LEE EL,DALLAS ISD,INDEPENDENT,REGULAR INSTRUCTIONAL,,elementary,isd,PK-06,480.0,Active,DALLAS,7808 RACINE DR,75232-4302,N,2025,A,Rated,95,E,EE - 05,EE,5,N,N,N,N,N,447.0,51.0,11.4,447.0,51.0,11.4,95.0,93.8,15.7,21.1,16.1,13.1,3.1,21.5,15.4,24.6,30.8,4.6,381.0,40.0,6.0,0.0,1.0,0.0,1.0,0.0,0.0,0.0,0.0,0.0,0.0,0.0,0.0,0.0,0.0,0.0,0.0,0.0,0.0,0.0,0.0,0.0,0.0,0.0,0.0,No,No,32.65317900000008,-96.83545949999996
057905186,057905,481623001341,TRINITY HEIGHTS GIFTED AND TALENTED SCHOOL,DALLAS ISD,INDEPENDENT,REGULAR INSTRUCTIONAL,,mixed,isd,PK-08,384.0,Active,DALLAS,1515 LYNN HAVEN AVE,75216-1323,N,2025,A,Rated,95,E,PK - 08,PK,8,N,N,N,N,N,398.0,18.0,4.5,398.0,18.0,4.5,96.4,97.3,5.0,0.0,11.2,8.5,4.1,40.8,8.2,32.7,8.2,6.1,315.0,8.0,5.0,0.0,0.0,0.0,0.0,0.0,0.0,0.0,0.0,0.0,0.0,0.0,0.0,0.0,0.0,0.0,0.0,0.0,0.0,0.0,0.0,0.0,0.0,0.0,0.0,No,No,32.73298200000005,-96.80232599999994
057905187,057905,481623001320,NANCY MOSELEY EL,DALLAS ISD,INDEPENDENT,REGULAR INSTRUCTIONAL,,elementary,isd,EE-05,584.0,Active,DALLAS,10400 RYLIE RD,75217-8241,N,2025,B,Rated,87,E,EE - 05,EE,5,N,N,N,N,N,610.0,106.0,17.4,610.0,106.0,17.4,95.0,93.1,10.7,19.1,12.0,8.4,0.0,18.3,34.7,37.2,7.4,2.5,647.0,79.0,44.0,0.0,0.0,0.0,0.0,0.0,0.0,0.0,0.0,0.0,0.0,0.0,0.0,0.0,0.0,0.0,0.0,0.0,0.0,0.0,0.0,0.0,0.0,0.0,0.0,No,No,32.689674000000025,-96.64161299999996
057905199,057905,481623001337,REINHARDT EL,DALLAS ISD,INDEPENDENT,REGULAR INSTRUCTIONAL,,elementary,isd,PK-06,465.0,Active,DALLAS,10122 LOSA DR,75218-3123,N,2025,A,Rated,92,E,PK - 05,PK,5,N,N,N,N,N,431.0,69.0,16.0,431.0,69.0,16.0,95.0,92.8,12.4,19.5,11.4,10.6,6.0,29.9,19.4,20.9,17.9,6.0,419.0,50.0,16.0,0.0,0.0,0.0,0.0,0.0,0.0,0.0,0.0,0.0,0.0,0.0,0.0,0.0,0.0,0.0,0.0,0.0,0.0,0.0,0.0,0.0,0.0,0.0,0.0,No,No,32.83704900000004,-96.69192749999996
057905213,057905,481623001368,T G TERRY EL,DALLAS ISD,INDEPENDENT,REGULAR INSTRUCTIONAL,,elementary,isd,PK-06,373.0,Active,DALLAS,6661 GREENSPAN DR,75232-3605,N,2025,A,Rated,92,E,PK - 05,PK,5,N,N,N,N,N,352.0,55.0,15.6,352.0,55.0,15.6,96.0,95.5,10.1,10.7,10.5,9.0,4.0,38.5,19.9,19.9,15.9,2.0,267.0,23.0,6.0,0.0,0.0,0.0,0.0,0.0,0.0,0.0,0.0,0.0,0.0,0.0,0.0,0.0,0.0,0.0,0.0,0.0,0.0,0.0,0.0,0.0,0.0,0.0,0.0,No,No,32.66555400000004,-96.83019449999996
057905224,057905,481623001380,WALNUT HILL INTERNATIONAL LEADERSHIP ACADEMY,DALLAS ISD,INDEPENDENT,REGULAR INSTRUCTIONAL,,mixed,isd,PK-08,574.0,Active,DALLAS,3978 KILLION DR,75229,N,2025,A,Rated,90,E,PK - 08,PK,8,N,N,N,N,N,516.0,63.0,12.2,516.0,63.0,12.2,96.7,96.9,3.2,0.0,10.0,7.6,5.6,17.2,30.8,40.8,2.8,2.8,355.0,42.0,24.0,0.0,0.0,0.0,0.0,0.0,0.0,0.0,0.0,0.0,0.0,0.0,0.0,0.0,0.0,1.0,0.0,0.0,0.0,0.0,0.0,0.0,0.0,0.0,0.0,No,No,32.88192300000003,-96.84763649999996
057905232,057905,481623001345,BUCKNER TERRACE MONTESSORI,DALLAS ISD,INDEPENDENT,REGULAR INSTRUCTIONAL,,elementary,isd,PK-06,314.0,Active,DALLAS,4918 HOVENKAMP DR,75227-2819,N,2025,B,Rated,88,E,PK - 05,PK,5,N,N,N,N,N,306.0,57.0,18.6,307.0,58.0,18.9,95.2,92.8,9.5,21.3,9.0,7.2,4.5,40.5,21.1,29.6,4.2,0.0,340.0,36.0,12.0,0.0,0.0,0.0,0.0,0.0,0.0,0.0,0.0,0.0,0.0,0.0,0.0,0.0,0.0,0.0,0.0,0.0,0.0,0.0,0.0,0.0,0.0,0.0,0.0,No,No,32.78530800000004,-96.70686299999994
057905235,057905,481623001207,BIRDIE ALEXANDER EL,DALLAS ISD,INDEPENDENT,REGULAR INSTRUCTIONAL,,elementary,isd,EE-06,301.0,Active,DALLAS,1830 GOLDWOOD DR,75232-3716,N,2025,D,Rated,69,E,EE - 05,EE,5,N,N,N,N,N,259.0,37.0,14.3,259.0,37.0,14.3,93.0,92.1,29.2,37.0,7.7,6.4,4.4,53.3,13.3,17.8,6.7,4.4,297.0,28.0,7.0,0.0,0.0,0.0,0.0,0.0,0.0,0.0,0.0,0.0,0.0,0.0,0.0,0.0,0.0,0.0,0.0,0.0,0.0,0.0,0.0,0.0,0.0,0.0,0.0,No,No,32.65600500000005,-96.84764099999995
057905239,057905,481623010571,ARTURO SALAZAR EL,DALLAS ISD,INDEPENDENT,REGULAR INSTRUCTIONAL,,elementary,isd,PK-05,430.0,Active,DALLAS,1120 S RAVINIA DR,75211,N,2025,B,Rated,85,E,PK - 05,PK,5,N,N,N,N,N,423.0,79.0,18.7,424.0,80.0,18.9,95.1,94.6,9.7,10.3,9.2,8.3,3.3,42.7,19.7,26.3,6.6,1.4,395.0,45.0,37.0,0.0,1.0,1.0,0.0,0.0,1.0,0.0,0.0,0.0,0.0,0.0,0.0,0.0,0.0,0.0,0.0,0.0,0.0,0.0,0.0,0.0,0.0,0.0,0.0,No,No,32.73280200000005,-96.868026
057905250,057905,481623001390,WHITNEY M YOUNG JR EL,DALLAS ISD,INDEPENDENT,REGULAR INSTRUCTIONAL,,elementary,isd,PK-05,379.0,Active,DALLAS,4601 VETERANS DR,75216-7101,N,2025,A,Rated,91,E,EE - 05,EE,5,N,N,N,N,N,371.0,59.0,15.9,371.0,59.0,15.9,94.0,93.7,17.3,13.3,12.4,9.5,4.1,45.3,20.3,12.2,0.0,18.3,328.0,17.0,9.0,0.0,0.0,0.0,0.0,0.0,0.0,0.0,0.0,0.0,0.0,0.0,0.0,0.0,0.0,0.0,0.0,0.0,0.0,0.0,0.0,0.0,0.0,0.0,0.0,No,No,32.69611800000007,-96.78606299999996
057905270,057905,481623007569,EDUARDO MATA MONTESSORI SCHOOL,DALLAS ISD,INDEPENDENT,REGULAR INSTRUCTIONAL,,mixed,isd,PK-08,704.0,Active,DALLAS,7420 LA VISTA,75204-9999,N,2025,B,Rated,85,E,PK - 08,PK,8,N,N,N,N,N,720.0,115.0,16.0,720.0,115.0,16.0,95.5,94.7,8.0,12.1,11.5,8.6,0.0,27.7,20.8,37.6,9.9,4.0,649.0,91.0,79.0,2.0,0.0,0.0,0.0,0.0,0.0,0.0,0.0,0.0,0.0,0.0,0.0,0.0,0.0,0.0,0.0,0.0,0.0,0.0,0.0,0.0,0.0,0.0,0.0,No,No,32.80653900000004,-96.73202699999996
057905276,057905,481623007253,GILBERT CUELLAR SR EL,DALLAS ISD,INDEPENDENT,REGULAR INSTRUCTIONAL,,elementary,isd,EE-05,628.0,Active,DALLAS,337 PLEASANT VISTA DR,75217-7959,N,2025,B,Rated,89,E,EE - 05,EE,5,N,N,N,N,N,715.0,102.0,14.3,715.0,102.0,14.3,95.7,95.2,9.7,12.0,9.1,6.3,2.0,34.7,32.7,24.5,4.1,2.0,613.0,86.0,14.0,0.0,0.0,0.0,0.0,0.0,0.0,0.0,0.0,0.0,0.0,0.0,0.0,0.0,0.0,0.0,0.0,0.0,0.0,0.0,0.0,0.0,0.0,0.0,0.0,No,No,32.71724100000006,-96.64317899999998
057905322,057905,481623014091,PRESTONWOOD MONTESSORI AT E D WALKER,DALLAS ISD,INDEPENDENT,REGULAR INSTRUCTIONAL,,elementary,isd,PK-06,455.0,Active,DALLAS,12532 NUESTRA DR,75230,N,2025,C,Rated,77,E,PK - 05,PK,5,N,N,N,N,N,410.0,47.0,11.5,410.0,47.0,11.5,95.2,95.6,8.1,6.8,8.9,7.9,11.5,26.9,26.9,26.9,3.8,3.8,120.0,7.0,3.0,0.0,0.0,0.0,0.0,0.0,0.0,0.0,0.0,0.0,0.0,0.0,0.0,0.0,0.0,0.0,0.0,0.0,0.0,0.0,0.0,0.0,0.0,0.0,0.0,No,No,32.91939000000008,-96.80989049999994
057905361,057905,481623013873,DOWNTOWN MONTESSORI AT IDA B WELLS ACADEMY,DALLAS ISD,INDEPENDENT,REGULAR INSTRUCTIONAL,,mixed,isd,PK-07,318.0,Active,DALLAS,1901 MAIN ST,75201,Y,2025,A,Rated,90,E,PK - 06,PK,6,N,N,N,N,N,341.0,33.0,9.7,341.0,33.0,9.7,95.7,94.7,6.7,13.8,8.1,6.2,10.6,38.8,16.9,21.1,12.7,0.0,246.0,12.0,11.0,0.0,0.0,0.0,0.0,0.0,0.0,0.0,0.0,0.0,0.0,0.0,0.0,0.0,0.0,0.0,0.0,0.0,0.0,0.0,0.0,0.0,0.0,0.0,0.0,No,No,32.781825000000026,-96.79553999999996
057905371,057905,481623022813,BIOMEDICAL PREPARATORY AT UT SOUTHWESTERN,DALLAS ISD,INDEPENDENT,REGULAR INSTRUCTIONAL,,elementary,isd,PK-04,332.0,Active,DALLAS,6516 FOREST PARK RD,75235,N,2025,A,Rated,94,E,PK - 03,PK,3,N,N,N,N,N,213.0,24.0,11.3,213.0,24.0,11.3,95.3,97.1,9.3,0.0,6.9,5.4,0.0,33.0,59.2,7.8,0.0,0.0,,,,,,,,,,,,,,,,,,,,,,,,,,,,,,32.82527700000003,-96.8465925
057905380,057905,481623012551,WILMER-HUTCHINS H S,DALLAS ISD,INDEPENDENT,REGULAR INSTRUCTIONAL,,high,isd,09-12,717.0,Active,DALLAS,5520 LANGDON RD,75241,N,2025,D,Rated,69,S,09 - 12,09,12,N,N,N,N,N,921.0,122.0,13.2,921.0,122.0,13.2,85.7,84.2,55.0,53.9,8.5,6.9,6.9,45.2,18.7,15.7,8.6,5.0,998.0,118.0,53.0,1.0,86.0,18.0,10.0,0.0,15.0,1.0,0.0,1.0,0.0,0.0,0.0,0.0,0.0,0.0,3.0,3.0,0.0,0.0,1.0,0.0,0.0,0.0,0.0,No,No,32.654079000000024,-96.73084799999998
057905385,057905,481623013714,MONTESSORI ACADEMY AT ONESIMO HERNANDEZ EL,DALLAS ISD,INDEPENDENT,REGULAR INSTRUCTIONAL,,mixed,isd,PK-08,376.0,Active,DALLAS,5555 MAPLE AVE,75235,N,2025,B,Rated,88,E,PK - 08,PK,8,N,N,N,N,N,346.0,69.0,19.9,346.0,69.0,19.9,96.0,94.7,6.2,10.7,6.9,5.4,18.7,30.7,20.6,30.0,0.0,0.0,289.0,24.0,15.0,0.0,0.0,0.0,0.0,0.0,0.0,0.0,0.0,0.0,0.0,0.0,0.0,0.0,0.0,0.0,0.0,0.0,0.0,0.0,0.0,0.0,0.0,0.0,0.0,No,No,32.81982300000004,-96.836391
057907111,057907,481764009197,CJ & ANNE HYMAN EL,DUNCANVILLE ISD,INDEPENDENT,REGULAR INSTRUCTIONAL,,elementary,isd,EE-05,570.0,Active,DALLAS,8441 FOX CREEK TRL,75249,N,2025,C,Rated,73,E,EE - 04,EE,4,N,N,N,N,N,452.0,77.0,17.0,453.0,77.0,17.0,94.6,92.1,15.6,28.6,10.0,5.0,8.8,32.7,22.7,17.9,17.9,0.0,370.0,57.0,9.0,0.0,4.0,1.0,0.0,1.0,0.0,0.0,0.0,0.0,0.0,0.0,0.0,0.0,0.0,0.0,0.0,0.0,0.0,0.0,0.0,0.0,0.0,0.0,0.0,No,No,32.65286400000008,-96.97431149999994
057907112,057907,481764009501,JAMES R BILHARTZ JR EL,DUNCANVILLE ISD,INDEPENDENT,REGULAR INSTRUCTIONAL,,elementary,isd,EE-04,588.0,Active,DALLAS,6700 WANDT,75236,N,2025,F,Rated,55,E,EE - 04,EE,4,N,N,N,N,N,538.0,65.0,12.1,541.0,68.0,12.6,93.9,93.5,19.7,20.0,6.6,3.9,7.9,42.1,28.9,18.4,2.6,0.0,440.0,60.0,6.0,2.0,9.0,0.0,0.0,0.0,0.0,0.0,0.0,0.0,0.0,0.0,0.0,0.0,0.0,0.0,0.0,0.0,0.0,0.0,0.0,0.0,0.0,0.0,0.0,No,No,32.665140000000065,-96.92863199999994
057911001,057911,482325002357,HIGHLAND PARK H S,HIGHLAND PARK ISD,INDEPENDENT,REGULAR INSTRUCTIONAL,,high,isd,09-12,2003.0,Active,DALLAS,4220 EMERSON AVE,75205-1099,N,2025,A,Rated,96,S,09 - 12,09,12,N,N,N,N,N,2119.0,235.0,11.1,2119.0,235.0,11.1,96.1,94.3,7.0,14.3,14.7,6.9,2.0,15.6,24.6,31.2,20.9,5.8,2260.0,183.0,521.0,9.0,13.0,8.0,5.0,8.0,0.0,0.0,0.0,0.0,0.0,0.0,0.0,1.0,0.0,0.0,0.0,0.0,0.0,0.0,0.0,0.0,0.0,0.0,0.0,No,No,32.84641229600004,-96.80719651599998
057916110,057916,483702004145,NORTHWOOD HILLS EL,RICHARDSON ISD,INDEPENDENT,REGULAR INSTRUCTIONAL,,elementary,isd,EE-06,508.0,Active,DALLAS,14532 MEANDERING WAY,75240-4107,N,2025,D,Rated,61,E,KG - 06,KG,6,N,N,N,N,N,563.0,118.0,21.0,563.0,118.0,21.0,95.4,94.6,13.0,19.4,14.6,10.5,0.0,18.2,26.4,25.3,25.9,4.1,410.0,75.0,42.0,1.0,3.0,8.0,0.0,2.0,1.0,1.0,0.0,0.0,0.0,2.0,0.0,0.0,0.0,0.0,0.0,0.0,0.0,1.0,0.0,0.0,0.0,0.0,1.0,No,No,32.946795000000066,-96.77773349999995
057916122,057916,483702004126,BOWIE EL,RICHARDSON ISD,INDEPENDENT,REGULAR INSTRUCTIONAL,,elementary,isd,EE-06,656.0,Active,DALLAS,7643 LA MANGA DR,75248-4107,N,2025,A,Rated,91,E,EE - 06,EE,6,N,N,N,N,N,640.0,125.0,19.5,644.0,129.0,20.0,96.8,96.3,2.5,5.2,10.2,6.3,7.3,31.7,11.6,37.8,11.6,0.0,672.0,80.0,114.0,3.0,1.0,2.0,0.0,0.0,1.0,0.0,0.0,0.0,0.0,1.0,0.0,0.0,0.0,0.0,0.0,0.0,0.0,1.0,0.0,0.0,0.0,0.0,0.0,No,No,32.97044400800007,-96.77577337399998
057916128,057916,483702004127,BRENTFIELD EL,RICHARDSON ISD,INDEPENDENT,REGULAR INSTRUCTIONAL,,elementary,isd,EE-06,817.0,Active,DALLAS,6767 BRENTFIELD DR,75248-4107,N,2025,A,Rated,93,E,PK - 06,PK,6,N,N,N,N,N,813.0,154.0,18.9,815.0,156.0,19.1,96.5,95.9,2.6,4.5,12.0,9.0,10.7,21.6,15.3,38.7,13.0,0.7,810.0,100.0,126.0,2.0,1.0,0.0,0.0,0.0,0.0,0.0,0.0,0.0,0.0,0.0,0.0,0.0,0.0,0.0,0.0,0.0,0.0,0.0,0.0,0.0,0.0,0.0,0.0,No,No,32.97551400000003,-96.78992849999996
057916134,057916,483702005584,MERRIMAN PARK EL,RICHARDSON ISD,INDEPENDENT,REGULAR INSTRUCTIONAL,,elementary,isd,EE-05,464.0,Active,DALLAS,7101 WINEDALE DR,75231-4107,N,2025,B,Rated,89,E,EE - 05,EE,5,N,N,N,N,N,444.0,101.0,22.7,446.0,103.0,23.1,96.1,95.4,7.5,10.4,8.0,5.1,2.7,48.8,19.0,24.4,5.1,0.0,532.0,71.0,65.0,3.0,5.0,0.0,0.0,0.0,0.0,0.0,0.0,0.0,0.0,1.0,0.0,0.0,0.0,0.0,0.0,0.0,0.0,0.0,0.0,0.0,0.0,0.0,0.0,No,No,32.87925900000005,-96.74040149999996
057922043,057922,481521006936,COPPELL MIDDLE WEST,COPPELL ISD,INDEPENDENT,REGULAR INSTRUCTIONAL,,middle,isd,06-08,1281.0,Active,DALLAS,2701 RANCH TRAIL,75019-4646,N,2025,A,Rated,95,M,06 - 08,06,8,N,N,N,N,N,1230.0,94.0,7.6,1230.0,94.0,7.6,96.7,95.4,4.9,11.8,10.8,5.9,1.3,31.8,23.9,27.9,12.4,2.7,1097.0,57.0,42.0,8.0,12.0,0.0,1.0,0.0,0.0,0.0,0.0,0.0,0.0,0.0,0.0,0.0,0.0,0.0,0.0,0.0,0.0,0.0,0.0,0.0,0.0,0.0,1.0,No,No,32.93187300000005,-96.98377949999995
070801002,070801,480010513356,OAK CLIFF FAITH FAMILY ACADEMY,FAITH FAMILY ACADEMY,CHARTER,ALTERNATIVE INSTRUCTIONAL,OPEN ENROLLMENT CHARTER,mixed,charter,PK-12,2606.0,Active,DALLAS,300 W KIEST BLVD,75224,N,2025,C,Rated,72,B,EE - 12,EE,12,N,N,N,N,N,2670.0,344.0,12.9,2670.0,344.0,12.9,94.8,94.9,16.5,14.9,7.7,4.2,4.4,46.1,24.5,20.0,4.2,0.8,2379.0,222.0,30.0,10.0,15.0,0.0,0.0,0.0,0.0,0.0,0.0,0.0,0.0,0.0,0.0,0.0,0.0,0.0,0.0,0.0,0.0,0.0,0.0,0.0,0.0,0.0,0.0,No,No,32.70616200000006,-96.83039249999996
108807209,108807,480021123204,IDEA A W BROWN COLLEGE PREPARATORY,IDEA PUBLIC SCHOOLS,CHARTER,REGULAR INSTRUCTIONAL,OPEN ENROLLMENT CHARTER,middle,charter,06-08,192.0,Active,DALLAS,5701 RED BIRD CENTER DR,75237,N,2025,C,Rated,77,M,06 - 08,06,8,N,N,N,N,N,151.0,22.0,14.6,151.0,22.0,14.6,,,,,6.0,0.0,29.7,28.8,24.9,8.3,8.3,0.0,,,,,,,,,,,,,,,,,,,,,,,,,,,,,,32.67783900000006,-96.88158899999996
161807005,161807,480029212871,HARMONY SCHOOL OF INNOVATION - DALLAS,HARMONY PUBLIC SCHOOLS - NORTH TEXAS,CHARTER,REGULAR INSTRUCTIONAL,OPEN ENROLLMENT CHARTER,mixed,charter,06-12,592.0,Active,DALLAS,8080 W PRESIDENT GEORGE BUSH HWY,75252,N,2025,A,Rated,96,B,06 - 12,06,12,N,N,N,N,N,538.0,46.0,8.6,539.0,46.0,8.5,94.2,93.9,19.6,22.0,8.2,5.1,0.0,44.6,27.7,20.8,6.9,0.0,435.0,40.0,24.0,19.0,42.0,23.0,13.0,8.0,6.0,0.0,2.0,0.0,0.0,0.0,0.0,0.0,0.0,0.0,0.0,0.0,0.0,5.0,0.0,0.0,0.0,0.0,3.0,No,No,32.99869711200006,-96.76346989699994
